Workbook

Sheet Lisez-moi
B2: SITIAME CAPITAL — Canevas trésorerie réelle
B4: Ce fichier est un POINT DE DÉPART, pas une source de vérité bancaire.
B6: Objet : ajuster manuellement la trésorerie théorique affichée par PME360 pour obtenir une
B7: estimation de la trésorerie réellement disponible en banque, en tenant compte des délais
B8: de compensation propres à chaque instrument de paiement (chèque, virement...).
B10: Les délais bancaires figurant dans l'onglet "Paramètres délais" sont des VALEURS D'EXEMPLE,
B11: clairement signalées, PAS des règles bancaires réelles vérifiées. Le CFO doit les remplacer
B12: par les conditions réelles négociées avec la/les banque(s) de la PME avant tout usage en
B13: décision de trésorerie.
B15: Rappel de périmètre (PRD 4.2, revue plateforme du 14/07/2026) : les mouvements Mobile Money
B16: réconciliés dans PME360 sont déjà des encaissements réels et immédiats — la logique de délai
B17: de ce canevas concerne surtout les instruments bancaires classiques (chèque, virement, carte).
... B21: à ce stade.

Sheet Paramètres délais
A1: Instrument de paiement | B1: Délai bancaire par défaut (jours) | C1: Statut de la valeur | D1: Commentaire
A2: Chèque | B2: 5 | C2: ⚠ Valeur d'exemple — à valider par le CFO | D2: Délai bancaire réel variable selon la banque émettrice/encaisseuse.
A3: Virement bancaire | B3: 1 | C3: ⚠ Valeur d'exemple — à valider par le CFO | D3: Souvent J+1 en zone UEMOA, à confirmer par banque.
A4: Carte bancaire | B4: 2 | C4: ⚠ Valeur d'exemple — à valider par le CFO | D4: Délai de règlement acquéreur, variable selon le prestataire.
A5: Mobile Money (Wave / Orange Money / MTN) | B5: 0 | C5: Réel et immédiat | D5: Déjà traité comme encaissement réel par la réconciliation Mobile Money de PME360 — pas d'ajustement nécessaire ici.
A6: Espèces | B6: 0 | C6: Réel et immédiat | D6: Encaissement/décaissement immédiat, aucun délai de compensation.

Sheet Trésorerie réelle
A1: Ajustement trésorerie théorique → trésorerie réelle — remplace les lignes d'exemple par tes propres mouvements.
A3: Date d'opération | B3: Instrument de paiement | C3: Montant (FCFA) | D3: Délai bancaire (jours) | E3: Date de valeur | F3: Aujourd'hui | G3: Statut | H3: Montant en attente de compensation
A4: 46213 | B4: Chèque | C4: 150000 | D4: =IFERROR(VLOOKUP(B4,'Paramètres délais'!$A$2:$B$6,2,FALSE),0) -> 5 | E4: =A4+D4 -> 46218 | F4: =TODAY() -> 46217 | G4: =IF(E4<=F4,"Compensé","En attente de compensation") -> En attente de compensation | H4: =IF(G4="En attente de compensation",C4,0) -> 150000
A5: 46215 | B5: Virement bancaire | C5: 320000 | D5: =IFERROR(VLOOKUP(B5,'Paramètres délais'!$A$2:$B$6,2,FALSE),0) -> 1 | E5: =A5+D5 -> 46216 | F5: =TODAY() -> 46217 | G5: =IF(E5<=F5,"Compensé","En attente de compensation") -> Compensé | H5: =IF(G5="En attente de compensation",C5,0) -> 0
A6: 46216 | B6: Mobile Money (Wave / Orange Money / MTN) | C6: 118000 | D6: =IFERROR(VLOOKUP(B6,'Paramètres délais'!$A$2:$B$6,2,FALSE),0) -> 0 | E6: =A6+D6 -> 46216 | F6: =TODAY() -> 46217 | G6: =IF(E6<=F6,"Compensé","En attente de compensation") -> Compensé | H6: =IF(G6="En attente de compensation",C6,0) -> 0
A7: 46216 | B7: Espèces | C7: 25000 | D7: =IFERROR(VLOOKUP(B7,'Paramètres délais'!$A$2:$B$6,2,FALSE),0) -> 0 | E7: =A7+D7 -> 46216 | F7: =TODAY() -> 46217 | G7: =IF(E7<=F7,"Compensé","En attente de compensation") -> Compensé | H7: =IF(G7="En attente de compensation",C7,0) -> 0
A8: 46217 | B8: Carte bancaire | C8: 42000 | D8: =IFERROR(VLOOKUP(B8,'Paramètres délais'!$A$2:$B$6,2,FALSE),0) -> 2 | E8: =A8+D8 -> 46219 | F8: =TODAY() -> 46217 | G8: =IF(E8<=F8,"Compensé","En attente de compensation") -> En attente de compensation | H8: =IF(G8="En attente de compensation",C8,0) -> 42000
B11: Trésorerie théorique (PME360) | C11: =SUM(C4:C8) -> 655000
B12: Montants en attente de compensation | C12: =SUM(H4:H8) -> 192000
B13: Trésorerie réelle = Trésorerie théorique − Montants en attente de compensation | C13: =C11-C12 -> 463000
